area,bedrooms,price
1360,4,355556
1794,3,412659
1630,3,375809
1595,1,316169
2138,3,430631
2669,3,538320
966,1,212588
1738,3,391042
830,5,316657
1982,2,379627
2635,2,475447
3419,1,591359
630,4,259198
2185,1,397837
1269,4,343021
2891,2,538834
2015,1,385098
3353,5,678616
2933,3,560658
1715,4,413620
1455,3,326061
2824,3,535146
1684,1,342354
959,3,279056
521,5,244561
2800,3,527911
1247,1,243784
3404,5,683827
974,2,234780
1582,3,361660
3058,1,532043
2547,2,467809
3247,2,590128
1475,4,386403
2306,5,512011
689,3,245854
3234,1,541902
1062,4,297455
2399,5,522970
1767,4,434434
3379,5,683768
2028,5,479645
1146,3,307206
2568,5,556846
3388,4,669265
2714,5,587299
1797,3,390921
2935,3,557085
1100,4,297049
2863,2,541066
2561,2,502341
741,5,287082
2541,1,466005
3324,5,660758
3112,4,604200
3445,4,661901
1863,4,410604
2639,4,530349
1890,4,419795
1978,3,413883
3056,2,567699
1275,4,334124
534,1,167811
2753,1,473489
2455,1,425807
2085,1,406110
1521,3,349632
3113,1,524150
1629,4,377311
2000,5,476357
1202,1,247269
2949,3,550219
3277,3,625193
2079,1,391586
661,5,292617
701,1,183478
2481,3,503026
1495,2,325545
2817,4,556537
1315,3,324649
955,1,232236
1775,4,417130
1516,1,287135
2843,1,486005
3267,2,589880
837,4,272979
1378,4,343593
1576,2,330773
1291,3,302086
2764,1,478354
1263,5,355127
2735,1,471145
879,1,206588
992,3,284546
1680,1,339352
2562,2,504090
564,2,170200
3068,4,619324
1867,5,462693
1652,1,311807
